{
  "coefficients": [
    90.84743035060144,
    56.153457654182255,
    -0.5699308770059268,
    2.0392121332951465,
    24.527437920950945
  ],
  "intercept": 0.038359661834137526,
  "r2_score": 0.9453396973704329
}